Category,Marathi_Category,Name,Price,Marathi_Name
SIDE BY SIDE,साईड बाय साईड,ROASTED PAPAD,30,रोस्टेड पापड
SIDE BY SIDE,साईड बाय साईड,FRY PAPAD,30,फ्राय पापड
SIDE BY SIDE,साईड बाय साईड,MASALA PAPAD,40,मसाला पापड
SIDE BY SIDE,साईड बाय साईड,ROASTED MASALA PAPAD,40,रोस्टेड मसाला पापड
SIDE BY SIDE,साईड बाय साईड,GREEN SALAD,50,ग्रीन सॅलड
SIDE BY SIDE,साईड बाय साईड,MIX VEG RAITA,90,मिक्स व्हेज रायता
SIDE BY SIDE,साईड बाय साईड,PINEAPPLE RAITA,100,पायनॅपल रायता
SIDE BY SIDE,साईड बाय साईड,BOONDI RAITA,100,बुंदी रायता
SIDE BY SIDE,साईड बाय साईड,FINGER CHIPS,110,फिंगर चिप्स
CHINESE SOUP VEG,चायनीज सूप व्हेज,VEG CLEAR SOUP,120,व्हेज क्लिअर सूप
CHINESE SOUP VEG,चायनीज सूप व्हेज,CREAM OF TOMATO SOUP,120,क्रीम ऑफ टोमॅटो सूप
CHINESE SOUP VEG,चायनीज सूप व्हेज,VEG MANCHOW SOUP,120,व्हेज मंचाव सूप
CHINESE SOUP VEG,चायनीज सूप व्हेज,HOT AND SOUR SOUP,120,हॉट अँड सॉर सूप
CHINESE SOUP VEG,चायनीज सूप व्हेज,LEMON CORIANDER SOUP,120,लेमन कोरिअँडर सूप
CHINESE SOUP NON-VEG,चायनीज सूप नॉन-व्हेज,CHICKEN MANCHOW SOUP,150,चिकन मंचाव सूप
CHINESE SOUP NON-VEG,चायनीज सूप नॉन-व्हेज,CHICKEN HOT & SOUR SOUP,150,चिकन हॉट अँड सूप
CHINESE SOUP NON-VEG,चायनीज सूप नॉन-व्हेज,CHICKEN LEMON CORIANDER SOUP,150,चिकन लेमन कोरिअँडर सूप
CHINESE SOUP NON-VEG,चायनीज सूप नॉन-व्हेज,CREAM OF CHICKEN SOUP,150,क्रीम ऑफ चिकन सूप
CHINESE SOUP NON-VEG,चायनीज सूप नॉन-व्हेज,CHICKEN SWEET CORN SOUP,150,चिकन स्वीट कॉर्न सूप
CHINESE STARTER VEG,चायनीज स्टार्टर व्हेज,VEG MANCHURIAN DRY/GRAVY HALF,170,व्हेज मंच्युरियन ड्राय/ग्रेव्ही हाफ
CHINESE STARTER VEG,चायनीज स्टार्टर व्हेज,VEG MANCHURIAN DRY/GRAVY FULL,200,व्हेज मंच्युरियन ड्राय/ग्रेव्ही फुल
CHINESE STARTER VEG,चायनीज स्टार्टर व्हेज,VEG 65,200,व्हेज ६५
CHINESE STARTER VEG,चायनीज स्टार्टर व्हेज,GOBI MANCHURIAN DRY/GRAVY HALF,170,गोबी मंच्युरियन ड्राय/ग्रेव्ही हाफ
CHINESE STARTER VEG,चायनीज स्टार्टर व्हेज,GOBI MANCHURIAN DRY/GRAVY FULL,190,गोबी मंच्युरियन ड्राय/ग्रेव्ही फुल
CHINESE STARTER VEG,चायनीज स्टार्टर व्हेज,VEG HOT PAN,250,व्हेज हॉट पॅन
CHINESE STARTER VEG,चायनीज स्टार्टर व्हेज,PANEER CHILLY DRY/GRAVY,220,पनीर चिल्ली ड्राय/ग्रेव्ही
CHINESE STARTER VEG,चायनीज स्टार्टर व्हेज,PANEER 65,250,पनीर ६५
CHINESE STARTER VEG,चायनीज स्टार्टर व्हेज,PANEER HOT PAN,260,पनीर हॉट पॅन
CHINESE STARTER VEG,चायनीज स्टार्टर व्हेज,PANEER CRISPY,250,पनीर क्रिस्पी
CHINESE STARTER VEG,चायनीज स्टार्टर व्हेज,MUSHROOM CHILLY,240,मशरूम चिल्ली
CHINESE STARTER NON-VEG,चायनीज स्टार्टर नॉन-व्हेज,CHICKEN CHILLY,250,चिकन चिल्ली
CHINESE STARTER NON-VEG,चायनीज स्टार्टर नॉन-व्हेज,CHICKEN 65,300,चिकन ६५
CHINESE STARTER NON-VEG,चायनीज स्टार्टर नॉन-व्हेज,CHICKEN LOLLYPOP DRY/MASALA HALF,190,चिकन लॉलीपॉप ड्राय/मसाला हाफ
CHINESE STARTER NON-VEG,चायनीज स्टार्टर नॉन-व्हेज,CHICKEN LOLLYPOP DRY/MASALA FULL,290,चिकन लॉलीपॉप ड्राय/मसाला फुल
CHINESE STARTER NON-VEG,चायनीज स्टार्टर नॉन-व्हेज,CHICKEN HOT PAN,290,चिकन हॉट पॅन
CHINESE STARTER NON-VEG,चायनीज स्टार्टर नॉन-व्हेज,CHICKEN CRISPY,290,चिकन क्रिस्पी
CHINESE STARTER NON-VEG,चायनीज स्टार्टर नॉन-व्हेज,CHICKEN SPRING ROLL,290,चिकन स्प्रिंग रोल
CHINESE STARTER NON-VEG,चायनीज स्टार्टर नॉन-व्हेज,CHICKEN HOT GARLIC SAUCE,290,चिकन हॉट गार्लिक सॉस
CHINESE RICE / VEG NOODLES,चायनीज राईस / व्हेज नूडल्स,VEG FRIED RICE,220,व्हेज फ्राईड राईस
CHINESE RICE / VEG NOODLES,चायनीज राईस / व्हेज नूडल्स,VEG SCHEZWAN FRIED RICE,240,व्हेज सेझवान फ्राईड राईस
CHINESE RICE / VEG NOODLES,चायनीज राईस / व्हेज नूडल्स,VEG TRIPLE SCHEZWAN FRIED RICE,300,व्हेज ट्रिपल सेझवान फ्राईड राईस
CHINESE RICE / VEG NOODLES,चायनीज राईस / व्हेज नूडल्स,HONGKONG FRIED RICE,250,हाँगकाँग फ्राईड राईस
CHINESE RICE / VEG NOODLES,चायनीज राईस / व्हेज नूडल्स,SINGAPORE FRIED RICE,270,सिंगापुरी फ्राईड राईस
CHINESE RICE / VEG NOODLES,चायनीज राईस / व्हेज नूडल्स,VEG HAKKA NOODLES,220,व्हेज हक्का नूडल्स
CHINESE RICE / VEG NOODLES,चायनीज राईस / व्हेज नूडल्स,VEG SCHEZWAN NOODLES,220,व्हेज सेझवान नूडल्स
CHINESE RICE / NOODLES NON-VEG,चायनीज राईस / नूडल्स नॉन-व्हेज,EGGS FRIED RICE,200,अंडा फ्राईड राईस
CHINESE RICE / NOODLES NON-VEG,चायनीज राईस / नूडल्स नॉन-व्हेज,CHICKEN FRIED RICE,250,चिकन फ्राईड राईस
CHINESE RICE / NOODLES NON-VEG,चायनीज राईस / नूडल्स नॉन-व्हेज,CHICKEN SCHEZWAN FRIED RICE,290,चिकन सेझवान फ्राईड राईस
CHINESE RICE / NOODLES NON-VEG,चायनीज राईस / नूडल्स नॉन-व्हेज,CHI. TRIPLE SCHEZWAN FRIED RICE,300,चिकन ट्रिपल सेझवान फ्राईड राईस
CHINESE RICE / NOODLES NON-VEG,चायनीज राईस / नूडल्स नॉन-व्हेज,CHICKEN HAKKA NOODLES,250,चिकन हक्का नूडल्स
CHINESE RICE / NOODLES NON-VEG,चायनीज राईस / नूडल्स नॉन-व्हेज,CHICKEN SCHEZWAN NOODLES,250,चिकन सेझवान नूडल्स
TANDOOR STARTER VEG KEBAB,तंदूर स्टार्टर व्हेज कबाब,PANEER TIKKA,250,पनीर टिक्का
TANDOOR STARTER VEG KEBAB,तंदूर स्टार्टर व्हेज कबाब,PANEER ACHARI,260,पनीर आचारी
TANDOOR STARTER VEG KEBAB,तंदूर स्टार्टर व्हेज कबाब,PANEER BANJARA,300,पनीर बंजारा
TANDOOR STARTER VEG KEBAB,तंदूर स्टार्टर व्हेज कबाब,PANEER PAHADI,300,पनीर पहाडी
TANDOOR STARTER VEG KEBAB,तंदूर स्टार्टर व्हेज कबाब,PANEER MALAI,310,पनीर मलाई
TANDOOR STARTER VEG KEBAB,तंदूर स्टार्टर व्हेज कबाब,PANEER SHOLEY,320,पनीर शोले
TANDOOR STARTER VEG KEBAB,तंदूर स्टार्टर व्हेज कबाब,PANEER CHATPATA,300,पनीर चटपटा
TANDOOR STARTER VEG KEBAB,तंदूर स्टार्टर व्हेज कबाब,PANEER ANGARA,290,पनीर अंगारा
TANDOOR STARTER VEG KEBAB,तंदूर स्टार्टर व्हेज कबाब,VEG SEEKH KEBAB,260,व्हेज सीख कबाब
TANDOOR STARTER VEG KEBAB,तंदूर स्टार्टर व्हेज कबाब,GOBI TIKKA,240,गोभी टिक्का
TANDOOR STARTER VEG KEBAB,तंदूर स्टार्टर व्हेज कबाब,MUSHROOM TIKKA,260,मशरूम टिक्का
TANDOOR STARTER VEG KEBAB,तंदूर स्टार्टर व्हेज कबाब,TANDOORI ALOO,230,तंदूरी आलू
TANDOOR STARTER VEG KEBAB,तंदूर स्टार्टर व्हेज कबाब,PANEER CHEESE SEEKH KEBAB,290,पनीर चीज सीख कबाब
TANDOOR STARTER VEG KEBAB,तंदूर स्टार्टर व्हेज कबाब,KAJU PANEER SEEKH KEBAB,300,काजू पनीर सीख कबाब
TANDOOR STARTER VEG KEBAB,तंदूर स्टार्टर व्हेज कबाब,PANEER LASUNI KEBAB,300,पनीर लसूणी कबाब
TANDOOR STARTER VEG KEBAB,तंदूर स्टार्टर व्हेज कबाब,PANEER KASTURI KEBAB,300,पनीर कस्तुरी कबाब
TANDOOR STARTER NON-VEG KEBAB,तंदूर स्टार्टर नॉन-व्हेज कबाब,TANDOORI CHICKEN HALF,320,तंदूरी चिकन हाफ
TANDOOR STARTER NON-VEG KEBAB,तंदूर स्टार्टर नॉन-व्हेज कबाब,TANDOORI CHICKEN FULL,600,तंदूरी चिकन फुल
TANDOOR STARTER NON-VEG KEBAB,तंदूर स्टार्टर नॉन-व्हेज कबाब,CHICKEN TIKKA,330,चिकन टिक्का
TANDOOR STARTER NON-VEG KEBAB,तंदूर स्टार्टर नॉन-व्हेज कबाब,CHICKEN ANGARA KEBAB,330,चिकन अंगारा कबाब
TANDOOR STARTER NON-VEG KEBAB,तंदूर स्टार्टर नॉन-व्हेज कबाब,CHICKEN SHOLEY KEBAB,330,चिकन शोले कबाब
TANDOOR STARTER NON-VEG KEBAB,तंदूर स्टार्टर नॉन-व्हेज कबाब,CHICKEN BANJARA KEBAB,330,चिकन बंजारा कबाब
TANDOOR STARTER NON-VEG KEBAB,तंदूर स्टार्टर नॉन-व्हेज कबाब,CHICKEN PAHADI KEBAB,330,चिकन पहाडी कबाब
TANDOOR STARTER NON-VEG KEBAB,तंदूर स्टार्टर नॉन-व्हेज कबाब,CHICKEN MALAI KEBAB,330,चिकन मलाई कबाब
TANDOOR STARTER NON-VEG KEBAB,तंदूर स्टार्टर NON-VEG KEBAB,CHICKEN SEEKH KEBAB,330,चिकन सीख कबाब
TANDOOR STARTER NON-VEG KEBAB,तंदूर स्टार्टर नॉन-व्हेज कबाब,CHICKEN LASOONI KEBAB,330,चिकन लसूणी कबाब
TANDOOR STARTER NON-VEG KEBAB,तंदूर स्टार्टर नॉन-व्हेज कबाब,CHICKEN RESHMI KEBAB,330,चिकन रेशमी कबाब
TANDOOR STARTER NON-VEG KEBAB,तंदूर स्टार्टर नॉन-व्हेज कबाब,CHICKEN ADRAKI KEBAB,330,चिकन अद्रकी कबाब
TANDOOR STARTER NON-VEG KEBAB,तंदूर स्टार्टर नॉन-व्हेज कबाब,CHICKEN AFGHANI KEBAB,330,चिकन अफगाणी कबाब
VEG MAIN COURSE,व्हेज मेन कोर्स,VEG HANDI,250,व्हेज हंडी
VEG MAIN COURSE,व्हेज मेन कोर्स,GREENPEAS MASALA,190,ग्रीनपीस मसाला
VEG MAIN COURSE,व्हेज मेन कोर्स,ALOO MUTTER,210,आलू मटर
VEG MAIN COURSE,व्हेज मेन कोर्स,MUTTER PANEER,250,मटर पनीर
VEG MAIN COURSE,व्हेज मेन कोर्स,VEG MAKHANIWALA,250,व्हेज मखनीवाला
VEG MAIN COURSE,व्हेज मेन कोर्स,VEG DIWANI HANDI,250,व्हेज दिवानी हंडी
VEG MAIN COURSE,व्हेज मेन कोर्स,KAJU PANEER MASALA,270,काजू पनीर मसाला
VEG MAIN COURSE,व्हेज मेन कोर्स,PANEER HANDI,260,पनीर हंडी
VEG MAIN COURSE,व्हेज मेन कोर्स,VEG LAJAWAB,250,व्हेज लाजवाब
VEG MAIN COURSE,व्हेज मेन कोर्स,VEG PATIYALA,270,व्हेज पटियाला
VEG MAIN COURSE,व्हेज मेन कोर्स,VEG TAWA,260,व्हेज तवा
VEG MAIN COURSE,व्हेज मेन कोर्स,VEG HYDERABADI,250,व्हेज हैदराबादी
VEG MAIN COURSE,व्हेज मेन कोर्स,MALAI KOFTA,270,मलाई कोफ्ता
VEG MAIN COURSE,व्हेज मेन कोर्स,VEG KOFTA,250,व्हेज कोफ्ता
VEG MAIN COURSE,व्हेज मेन कोर्स,PANEER KOFTA,280,पनीर कोफ्ता
VEG MAIN COURSE,व्हेज मेन कोर्स,VEG KHEEMA MASALA,250,व्हेज खिमा मसाला
VEG MAIN COURSE,व्हेज मेन कोर्स,VEG CHILLY MILLY,260,व्हेज चिली मिली
VEG MAIN COURSE,व्हेज मेन कोर्स,MUSHROOM MASALA,260,मशरूम मसाला
VEG MAIN COURSE,व्हेज मेन कोर्स,MUSHROOM HANDI,270,मशरूम हंडी
VEG MAIN COURSE,व्हेज मेन कोर्स,VEG KASTURI,270,व्हेज कस्तुरी
VEG MAIN COURSE,व्हेज मेन कोर्स,PANEER TAWA,260,पनीर तवा
VEG MAIN COURSE,व्हेज मेन कोर्स,PANEER BUTTER MASALA,290,पनीर बटर मसाला
VEG MAIN COURSE,व्हेज मेन कोर्स,PANEER TIKKA MASALA,290,पनीर टिक्का मसाला
VEG MAIN COURSE,व्हेज मेन कोर्स,KAJU MASALA,290,काजू मसाला
VEG MAIN COURSE,व्हेज मेन कोर्स,KAJU CURRY,290,काजू करी
VEG MAIN COURSE,व्हेज मेन कोर्स,PANEER BHURJI,280,पनीर भुर्जी
VEG MAIN COURSE,व्हेज मेन कोर्स,PANEER MASALA,220,पनीर मसाला
VEG MAIN COURSE,व्हेज मेन कोर्स,MUSHROOM PANEER,280,मशरूम पनीर
VEG MAIN COURSE,व्हेज मेन कोर्स,MIX VEG,190,मिक्स व्हेज
VEG MAIN COURSE,व्हेज मेन कोर्स,VEG KOLHAPURI,200,व्हेज कोल्हापुरी
VEG MAIN COURSE,व्हेज मेन कोर्स,VEG TOOFANI,290,व्हेज तुफानी
VEG MAIN COURSE,व्हेज मेन कोर्स,VEG RARA MASALA,280,व्हेज रारा मसाला
VEG MAIN COURSE,व्हेज मेन कोर्स,VEG MARATHA,270,व्हेज मराठा
VEG MAIN COURSE,व्हेज मेन कोर्स,VEG BHOONA,270,व्हेज भुना
VEG MAIN COURSE,व्हेज मेन कोर्स,MUSHROOM KADHAI,290,मशरूम कढाई
VEG MAIN COURSE,व्हेज मेन कोर्स,VEG KADHAI,270,व्हेज कढाई
VEG MAIN COURSE,व्हेज मेन कोर्स,PANEER KADHAI,290,पनीर कढाई
VEG MAIN COURSE,व्हेज मेन कोर्स,PLAIN PALAK,220,प्लेन पालक
VEG MAIN COURSE,व्हेज मेन कोर्स,LASUNI PALAK,240,लसूणी पालक
VEG MAIN COURSE,व्हेज मेन कोर्स,PALAK PANEER,290,पालक पनीर
VEG MAIN COURSE,व्हेज मेन कोर्स,PANEER LABABDAR,290,पनीर लबाबदार
VEG MAIN COURSE,व्हेज मेन कोर्स,SHAHI PANEER,270,शाही पनीर
VEG MAIN COURSE,व्हेज मेन कोर्स,DAL FRY,150,डाळ फ्राय
VEG MAIN COURSE,व्हेज मेन कोर्स,DAL TADKA,160,डाळ तडका
VEG MAIN COURSE,व्हेज मेन कोर्स,DAL KOLHAPURI,170,डाळ कोल्हापुरी
VEG MAIN COURSE,व्हेज मेन कोर्स,DAL PALAK,170,डाळ पालक
INDIAN BREAD,भारतीय ब्रेड,MAIDA ROTI PLAIN,20,मैदा रोटी प्लेन
INDIAN BREAD,भारतीय ब्रेड,MAIDA ROTI BUTTER,25,मैदा रोटी बटर
INDIAN BREAD,भारतीय ब्रेड,WHEAT ROTI PLAIN,30,व्हीट रोटी प्लेन
INDIAN BREAD,भारतीय ब्रेड,WHEAT ROTI BUTTER,35,व्हीट रोटी बटर
INDIAN BREAD,भारतीय ब्रेड,PLAIN NAAN,35,प्लेन नान
INDIAN BREAD,भारतीय ब्रेड,BUTTER NAAN,45,बटर नान
INDIAN BREAD,भारतीय ब्रेड,KULCHA PLAIN,40,कुल्चा प्लेन
INDIAN BREAD,भारतीय ब्रेड,KULCHA BUTTER,50,कुल्चा बटर
INDIAN BREAD,भारतीय ब्रेड,LACCHA PARATHA PLAIN,50,लच्छा पराठा प्लेन
INDIAN BREAD,भारतीय ब्रेड,LACCHA PARATHA BUTTER,60,लच्छा पराठा बटर
INDIAN BREAD,भारतीय ब्रेड,GARLIC NAAN,90,गार्लिक नान
INDIAN BREAD,भारतीय ब्रेड,CHEESE NAAN,70,चीज नान
INDIAN BREAD,भारतीय ब्रेड,CHEESE GARLIC NAAN,90,चीज गार्लिक नान
INDIAN BREAD,भारतीय ब्रेड,MASALA ROTI,40,मसाला रोटी
INDIAN BREAD,भारतीय ब्रेड,ONION KULCHA,60,ओनियन कुल्चा
INDIAN BREAD,भारतीय ब्रेड,ALOO PARATHA,90,आलू पराठा
INDIAN BREAD,भारतीय ब्रेड,PANEER PARATHA,110,पनीर पराठा
INDIAN BREAD,भारतीय ब्रेड,STUFF PARATHA,110,स्टफ पराठा
INDIAN BREAD,भारतीय ब्रेड,CHAPATI,20,चपाती
INDIAN BREAD,भारतीय ब्रेड,BHAKRI,30,भाकरी
RICE / PULAV / BIRYANI,भात / पुलाव / बिर्याणी,STEAM RICE,120,स्टीम राइस
RICE / PULAV / BIRYANI,भात / पुलाव / बिर्याणी,JEERA RICE,130,जिरा राइस
RICE / PULAV / BIRYANI,भात / पुलाव / बिर्याणी,GHEE RICE,180,घी राइस
RICE / PULAV / BIRYANI,भात / पुलाव / बिर्याणी,CURD RICE,170,दही राइस
RICE / PULAV / BIRYANI,भात / पुलाव / बिर्याणी,LEMON RICE,170,लेमन राइस
RICE / PULAV / BIRYANI,भात / पुलाव / बिर्याणी,BIRYANI RICE HALF,100,बिर्याणी राइस हाफ
RICE / PULAV / BIRYANI,भात / पुलाव / बिर्याणी,BIRYANI RICE FULL,180,बिर्याणी राइस फुल
RICE / PULAV / BIRYANI,भात / पुलाव / बिर्याणी,DAL KHICHDI,180,डाल खिचडी
RICE / PULAV / BIRYANI,भात / पुलाव / बिर्याणी,PALAK KHICHDI,200,पालक खिचडी
RICE / PULAV / BIRYANI,भात / पुलाव / बिर्याणी,VEG PULAV,220,व्हेज पुलाव
RICE / PULAV / BIRYANI,भात / पुलाव / बिर्याणी,GREEN PEAS PULAV,200,ग्रीन पीस पुलाव
RICE / PULAV / BIRYANI,भात / पुलाव / बिर्याणी,KAJU PULAV,260,काजू पुलाव
RICE / PULAV / BIRYANI,भात / पुलाव / बिर्याणी,VEG BIRYANI HALF,150,व्हेज बिर्याणी हाफ
RICE / PULAV / BIRYANI,भात / पुलाव / बिर्याणी,VEG BIRYANI FULL,230,व्हेज बिर्याणी फुल
RICE / PULAV / BIRYANI,भात / पुलाव / बिर्याणी,PANEER TIKKA BIRYANI HALF,180,पनीर टिक्का बिर्याणी हाफ
RICE / PULAV / BIRYANI,भात / पुलाव / बिर्याणी,PANEER TIKKA BIRYANI FULL,290,पनीर टिक्का बिर्याणी फुल
RICE / PULAV / BIRYANI,भात / पुलाव / बिर्याणी,VEG HYDERABADI BIRYANI HALF,180,व्हेज हैदराबादी बिर्याणी हाफ
RICE / PULAV / BIRYANI,भात / पुलाव / बिर्याणी,VEG HYDERABADI BIRYANI FULL,290,व्हेज हैदराबादी बिर्याणी फुल
RICE / PULAV / BIRYANI,भात / पुलाव / बिर्याणी,EGGS BIRYANI HALF,150,अंडा बिर्याणी हाफ
RICE / PULAV / BIRYANI,भात / पुलाव / बिर्याणी,EGGS BIRYANI FULL,250,अंडा बिर्याणी फुल
RICE / PULAV / BIRYANI,भात / पुलाव / बिर्याणी,CHICKEN BIRYANI HALF,160,चिकन बिर्याणी हाफ
RICE / PULAV / BIRYANI,भात / पुलाव / बिर्याणी,CHICKEN BIRYANI FULL,250,चिकन बिर्याणी फुल
RICE / PULAV / BIRYANI,भात / पुलाव / बिर्याणी,CHICKEN HYDERABADI BIRYANI HALF,200,चिकन हैदराबादी बिर्याणी हाफ
RICE / PULAV / BIRYANI,भात / पुलाव / बिर्याणी,CHICKEN HYDERABADI BIRYANI FULL,310,चिकन हैदराबादी बिर्याणी फुल
RICE / PULAV / BIRYANI,भात / पुलाव / बिर्याणी,CHICKEN MATKA BIRYANI HALF,240,चिकन मटका बिर्याणी हाफ
RICE / PULAV / BIRYANI,भात / पुलाव / बिर्याणी,CHICKEN MATKA BIRYANI FULL,340,चिकन मटका बिर्याणी फुल
RICE / PULAV / BIRYANI,भात / पुलाव / बिर्याणी,MUTTON BIRYANI HALF,210,मटन बिर्याणी हाफ
RICE / PULAV / BIRYANI,भात / पुलाव / बिर्याणी,MUTTON BIRYANI FULL,350,मटन बिर्याणी फुल
RICE / PULAV / BIRYANI,भात / पुलाव / बिर्याणी,MUTTON HYDERABADI BIRYANI HALF,250,मटन हैदराबादी बिर्याणी हाफ
RICE / PULAV / BIRYANI,भात / पुलाव / बिर्याणी,MUTTON HYDERABADI BIRYANI FULL,400,मटन हैदराबादी बिर्याणी फुल
SPECIAL VEG MAIN COURSE,स्पेशल व्हेज मेन कोर्स,VEG KOLIWADA,290,व्हेज कोळीवाडा
SPECIAL VEG MAIN COURSE,स्पेशल व्हेज मेन कोर्स,PANEER KOLIWADA,300,पनीर कोळीवाडा
SPECIAL VEG MAIN COURSE,स्पेशल व्हेज मेन कोर्स,PANEER PATIYALA,300,पनीर पटियाला
SPECIAL VEG MAIN COURSE,स्पेशल व्हेज मेन कोर्स,PANEER RAJWADI,300,पनीर राजवाडी
SPECIAL VEG MAIN COURSE,स्पेशल व्हेज मेन कोर्स,DHINGRI MUTTER HARI PYAZ,270,ढिंगरी मटर हिरवी प्याज
SPECIAL VEG MAIN COURSE,स्पेशल व्हेज मेन कोर्स,PANEER BANJARA MASALA,300,पनीर बंजारा मसाला
SPECIAL VEG MAIN COURSE,स्पेशल व्हेज मेन कोर्स,PANEER PAHADI MASALA,310,पनीर पहाडी मसाला
SPECIAL VEG MAIN COURSE,स्पेशल व्हेज मेन कोर्स,PANEER ANGARA MASALA,310,पनीर अंगारा मसाला
SPECIAL VEG MAIN COURSE,स्पेशल व्हेज मेन कोर्स,PANEER MARATHA,310,पनीर मराठा
SPECIAL VEG MAIN COURSE,स्पेशल व्हेज मेन कोर्स,VEG BANJARA,320,व्हेज बंजारा
SPECIAL NON-VEG MAIN COURSE,स्पेशल नॉन-व्हेज मेन कोर्स,CHICKEN RASSA HANDI HALF,120,चिकन रस्सा हंडी हाफ
SPECIAL NON-VEG MAIN COURSE,स्पेशल नॉन-व्हेज मेन कोर्स,CHICKEN RASSA HANDI FULL,180,चिकन रस्सा हंडी फुल
SPECIAL NON-VEG MAIN COURSE,स्पेशल नॉन-व्हेज मेन कोर्स,CHICKEN CURRY,250,चिकन करी
SPECIAL NON-VEG MAIN COURSE,स्पेशल नॉन-व्हेज मेन कोर्स,CHICKEN MARATHA HALF,380,चिकन मराठा हाफ
SPECIAL NON-VEG MAIN COURSE,स्पेशल नॉन-व्हेज मेन कोर्स,CHICKEN MARATHA FULL,720,चिकन मराठा फुल
SPECIAL NON-VEG MAIN COURSE,स्पेशल नॉन-व्हेज मेन कोर्स,CHICKEN MASALA,250,चिकन मसाला
SPECIAL NON-VEG MAIN COURSE,स्पेशल नॉन-व्हेज मेन कोर्स,CHICKEN KOLHAPURI,299,चिकन कोल्हापुरी
SPECIAL NON-VEG MAIN COURSE,स्पेशल नॉन-व्हेज मेन कोर्स,CHICKEN TIKKA MASALA,320,चिकन टिक्का मसाला
SPECIAL NON-VEG MAIN COURSE,स्पेशल नॉन-व्हेज मेन कोर्स,CHICKEN HYDERABADI,350,चिकन हैदराबादी
SPECIAL NON-VEG MAIN COURSE,स्पेशल नॉन-व्हेज मेन कोर्स,CHICKEN UKAD ALANI,290,चिकन उकड अलाणी
SPECIAL NON-VEG MAIN COURSE,स्पेशल नॉन-व्हेज मेन कोर्स,CHICKEN KADAI,299,चिकन कढई
SPECIAL NON-VEG MAIN COURSE,स्पेशल नॉन-व्हेज मेन कोर्स,CHICKEN KHARDA,310,चिकन खर्डा
SPECIAL NON-VEG MAIN COURSE,स्पेशल नॉन-व्हेज मेन कोर्स,CHICKEN HANDI HALF,400,चिकन हंडी हाफ
SPECIAL NON-VEG MAIN COURSE,स्पेशल नॉन-व्हेज मेन कोर्स,CHICKEN HANDI FULL,750,चिकन हंडी फुल
SPECIAL NON-VEG MAIN COURSE,स्पेशल नॉन-व्हेज मेन कोर्स,CHICKEN MALVANI HANDI HALF,410,चिकन मालवणी हंडी हाफ
SPECIAL NON-VEG MAIN COURSE,स्पेशल नॉन-व्हेज मेन कोर्स,CHICKEN MALVANI HANDI FULL,790,चिकन मालवणी हंडी फुल
SPECIAL NON-VEG MAIN COURSE,स्पेशल नॉन-व्हेज मेन कोर्स,BUTTER CHICKEN HALF,399,बटर चिकन हाफ
SPECIAL NON-VEG MAIN COURSE,स्पेशल नॉन-व्हेज मेन कोर्स,BUTTER CHICKEN FULL,749,बटर चिकन फुल
SPECIAL NON-VEG MAIN COURSE,स्पेशल नॉन-व्हेज मेन कोर्स,CHICKEN ANGARA MASALA,380,चिकन अंगारा मसाला
SPECIAL NON-VEG MAIN COURSE,स्पेशल नॉन-व्हेज मेन कोर्स,CHICKEN SUKKHA,250,चिकन सुक्का
EGG MAIN COURSE,अंडा मेन कोर्स,EGG BOIL,50,अंडा बॉईल
EGG MAIN COURSE,अंडा मेन कोर्स,EGG BHURJI,80,अंडा भुर्जी
EGG MAIN COURSE,अंडा मेन कोर्स,EGG BOIL OMELETTE,70,अंडा बॉईल ऑम्लेट
EGG MAIN COURSE,अंडा मेन कोर्स,EGG MASALA,160,अंडा मसाला
EGG MAIN COURSE,अंडा मेन कोर्स,EGG CURRY,160,अंडा करी
RAAN,रान,CHICKEN RAAN,700,चिकन रान
NON-VEG MAIN COURSE,नॉन-व्हेज मेन कोर्स,MUTTON MASALA,330,मटन मसाला
NON-VEG MAIN COURSE,नॉन-व्हेज मेन कोर्स,MUTTON KOLHAPURI,330,मटन कोल्हापुरी
NON-VEG MAIN COURSE,नॉन-व्हेज मेन कोर्स,MUTTON KADAI,360,मटन कडई
NON-VEG MAIN COURSE,नॉन-व्हेज मेन कोर्स,MUTTON SUKA,330,मटन सुका
NON-VEG MAIN COURSE,नॉन-व्हेज मेन कोर्स,MUTTON UKAD,350,मटन उकड
NON-VEG MAIN COURSE,नॉन-व्हेज मेन कोर्स,MUTTON KHARDA,350,मटन खर्डा
NON-VEG MAIN COURSE,नॉन-व्हेज मेन कोर्स,MUTTON CURRY,350,मटन करी
NON-VEG MAIN COURSE,नॉन-व्हेज मेन कोर्स,MUTTON HYDERABADI,350,मटन हैद्राबादी
NON-VEG MAIN COURSE,नॉन-व्हेज मेन कोर्स,MUTTON HANDI HALF,450,मटन हंडी हाफ
NON-VEG MAIN COURSE,नॉन-व्हेज मेन कोर्स,MUTTON HANDI FULL,900,मटन हंडी फुल
NON-VEG MAIN COURSE,नॉन-व्हेज मेन कोर्स,MUTTON MALVANI HALF,490,मटन मालवणी हाफ
NON-VEG MAIN COURSE,नॉन-व्हेज मेन कोर्स,MUTTON MALVANI FULL,940,मटन मालवणी फुल
NON-VEG MAIN COURSE,नॉन-व्हेज मेन कोर्स,MUTTON RASSA HANDI HALF,200,मटन रस्सा हंडी हाफ
NON-VEG MAIN COURSE,नॉन-व्हेज मेन कोर्स,MUTTON RASSA HANDI FULL,300,मटन रस्सा हंडी फुल
NON-VEG SPECIAL,नॉन-व्हेज स्पेशल,CHICKEN MURGH MUSALLAM HALF,450,चिकन मुर्ग मुसलम हाफ
NON-VEG SPECIAL,नॉन-व्हेज स्पेशल,CHICKEN MURGH MUSALLAM FULL,800,चिकन मुर्ग मुसलम फुल
NON-VEG SPECIAL,नॉन-व्हेज स्पेशल,CHICKEN BANJARA MASALA,300,चिकन बंजारा मसाला
NON-VEG SPECIAL,नॉन-व्हेज स्पेशल,CHICKEN PAHADI MASALA,320,चिकन पहाडी मसाला
ICE CREAM SINGLE / DOUBLE SCOOP,आइसक्रीम सिंगल / डबल स्कूप,VANILLA SINGLE,50,व्हॅनिला सिंगल
ICE CREAM SINGLE / DOUBLE SCOOP,आइसक्रीम सिंगल / डबल स्कूप,VANILLA DOUBLE,90,व्हॅनिला डबल
ICE CREAM SINGLE / DOUBLE SCOOP,आइसक्रीम सिंगल / डबल स्कूप,BUTTERSCOOTCH SINGLE,50,बटरस्कॉच सिंगल
ICE CREAM SINGLE / DOUBLE SCOOP,आइसक्रीम सिंगल / डबल स्कूप,BUTTERSCOOTCH DOUBLE,90,बटरस्कॉच डबल
ICE CREAM SINGLE / DOUBLE SCOOP,आइसक्रीम सिंगल / डबल स्कूप,MANGO SINGLE,50,मँगो सिंगल
ICE CREAM SINGLE / DOUBLE SCOOP,आइसक्रीम सिंगल / डबल स्कूप,MANGO DOUBLE,90,मँगो डबल
ICE CREAM SINGLE / DOUBLE SCOOP,आइसक्रीम सिंगल / डबल स्कूप,CHOCOLATE SINGLE,50,चॉकलेट सिंगल
ICE CREAM SINGLE / DOUBLE SCOOP,आइसक्रीम सिंगल / डबल स्कूप,CHOCOLATE DOUBLE,90,चॉकलेट डबल
ICE CREAM SINGLE / DOUBLE SCOOP,आइसक्रीम सिंगल / डबल स्कूप,STAWBERRY SINGLE,50,स्ट्रॉबेरी सिंगल
ICE CREAM SINGLE / DOUBLE SCOOP,आइसक्रीम सिंगल / डबल स्कूप,STAWBERRY DOUBLE,90,स्ट्रॉबेरी डबल
ICE CREAM SINGLE / DOUBLE SCOOP,आइसक्रीम सिंगल / डबल स्कूप,PISTA SINGLE,50,पिस्ता सिंगल
ICE CREAM SINGLE / DOUBLE SCOOP,आइसक्रीम सिंगल / डबल स्कूप,PISTA DOUBLE,90,पिस्ता डबल
ICE CREAM SINGLE / DOUBLE SCOOP,आइसक्रीम सिंगल / डबल स्कूप,AMERICAN NUTS SINGLE,50,अमेरिकन नट्स सिंगल
ICE CREAM SINGLE / DOUBLE SCOOP,आइसक्रीम सिंगल / डबल स्कूप,AMERICAN NUTS DOUBLE,90,अमेरिकन नट्स डबल
COLD DRINKS,कोल्ड ड्रिंक्स,THUMS UP,20,थम्स अप
COLD DRINKS,कोल्ड ड्रिंक्स,SPRITE,20,स्प्राईट
COLD DRINKS,कोल्ड ड्रिंक्स,BISLERI,20,बिसलेरी
COLD DRINKS,कोल्ड ड्रिंक्स,SOLKADHI,50,सोलकढी
COLD DRINKS,कोल्ड ड्रिंक्स,TAAK,60,ताक
EXTRA,एक्स्ट्रा,GHEE VATI,50,तूप वाटी
EXTRA,एक्स्ट्रा,DAL VATI,40,डाळ वाटी
EXTRA,एक्स्ट्रा,DAL BOWL,70,डाळ बाऊल
EXTRA,एक्स्ट्रा,BUTTER VATI,50,बटर वाटी
EXTRA,एक्स्ट्रा,EXTRA GRAVY VATI,50,एक्स्ट्रा ग्रेव्ही वाटी
EXTRA,एक्स्ट्रा,EXTRA GRAVY BOWL,80,एक्स्ट्रा ग्रेव्ही बाऊल
EXTRA,एक्स्ट्रा,CURD VATI,30,दही वाटी
EXTRA,एक्स्ट्रा,CURD BOWL,70,दही बाऊल
EXTRA,एक्स्ट्रा,TAMBDA RASSA VATI,50,तांबडा रस्सा वाटी
EXTRA,एक्स्ट्रा,ALANI SOUP VATI,30,अळणी सूप वाटी
THALI VEG / NON-VEG,थाळी व्हेज / नॉन-व्हेज,SPECIAL VEG THALI,250,स्पेशल व्हेज थाळी
THALI VEG / NON-VEG,थाळी व्हेज / नॉन-व्हेज,CHICKEN THALI,240,चिकन थाळी
THALI VEG / NON-VEG,थाळी व्हेज / नॉन-व्हेज,EGGS THALI,200,अंडा थाळी
THALI VEG / NON-VEG,थाळी व्हेज / नॉन-व्हेज,SPECIAL CHICKEN THALI,270,स्पेशल चिकन थाळी
THALI VEG / NON-VEG,थाळी व्हेज / नॉन-व्हेज,MUTTON THALI,299,मटण थाळी
THALI VEG / NON-VEG,थाळी व्हेज / नॉन-व्हेज,SPECIAL MUTTON THALI,350,स्पेशल मटण थाळी
THALI VEG / NON-VEG,थाळी व्हेज / नॉन-व्हेज,SPECIAL FISH THALI,250,स्पेशल मच्छी थाळी
